{
  "r2_train": 0.5275851052936487,
  "r2_test": 0.45134254939187024,
  "r2_loo_cv": 0.41005273711841106,
  "mae_test": 18.701232589467278,
  "mae_loo": 17.661530212489364,
  "rmse_test": 21.720313276009307,
  "rmse_loo": 21.364883236143495,
  "overfitting_pct": 14.451233580474673,
  "n_features": 13,
  "ensemble_size": 3
}