{
  "r2_train": 0.5169218517319125,
  "r2_test": 0.5276019360280291,
  "r2_loo_cv": 0.4348886495554344,
  "mae_test": 12.33177912620514,
  "mae_loo": 13.230852625301383,
  "rmse_test": 14.964279680077192,
  "rmse_loo": 16.806006534248098,
  "overfitting_pct": 2.0660926328290508,
  "n_features": 16,
  "ensemble_size": 3
}