{
  "r2_train": 0.732872072126477,
  "r2_test": 0.6482677169072737,
  "r2_loo_cv": 0.5626285051440247,
  "mae_test": 12.839975650229901,
  "mae_loo": 12.450993864124781,
  "rmse_test": 15.113422478440672,
  "rmse_loo": 15.657729552146893,
  "overfitting_pct": 11.54421875754088,
  "n_features": 33
}